url,text
https://cors.surveyofindia.gov.in/registration,"Ā SETU HIMACHALAM - FROM KANYAKUMARI TO THE HIMALAYAS

Welcome to the CORS Registration Portal

Englishहिंदी
A
+A
-A
Skip main content
Home
About SOI
Policies
General Info
Subscription Charges
FAQs
Contact Us
Search
CORS Registration
Region
Select Region
Region-1
Region-2
Region-3

Click here to know your Region
Click here to know the Availability of CORS Services

Mobile
Captcha
Proceed
Documents required during the registration process!

Photo Id Proof:Voter ID/Driving Licence/Aadhar Card/Pan Card.

Departmental ID card: For Govt and Academics users only.

* Please download and fill the details in the annexure form for further process.

Contact Us
  Geodetic And Research Branch ,
Survey of India, 17 E.C. Road,
Dehradun-248001
   Phone: 0135-2975366,
0135-2713296
   Email: cors-grb.soi@gov.in
Quick Links
 FAQs
 RTI
 Feedback
 Public Grievances
 Software and Plugins
 Accessibility Statement
Website Policies
 Accessibility Options
 Privacy Policy
 Hyperlinking Policy
 Copyright Policy
 Terms and Conditions
 Disclaimer
Locate Us

Website Content Owned and Managed by CORS Processing and Monitoring Center
© 2025 CORS | Survey of India | All Rights Reserved.

Last Updated on: 24-12-2025 01:29:01 PM

💬"
https://cors.surveyofindia.gov.in/subscription,"Ā SETU HIMACHALAM - FROM KANYAKUMARI TO THE HIMALAYAS

Welcome to the CORS Registration Portal

Englishहिंदी
A
+A
-A
Skip main content
Home
About SOI
Policies
General Info
Subscription Charges
FAQs
Contact Us
Search
CORS Subscription
Region
Select Region
Region-1
Region-2

Click here to know your Region
Click here to know the Availability of CORS Services

Mobile
Captcha
Proceed
CORS Services Availability
There are two types of Service being made available by SoI:
Real Time Positioning Services (RTPS)
Network RTK Services for 3 – 4 centimeter real time positioning.
D-GNSS Services for 30 – 40 centimeter accurate real time positioning.
Reference Data Services (RDS)
Online Data processing of static observation with respect to CORS.
Downloading of RAW Data of CORS Stations for processing in user software.

The CORS services availability are divided into 3 Regions, Each region is divided into 3 Zones, based on current service availability.

Region-1

Includes states of Punjab, Himachal Pradesh, Uttarakhand, Haryana, Rajasthan, Uttar Pradesh, Bihar, Madhya Pradesh, Chhattisgarh, Telangana, Assam, Arunachal Pradesh, Tripura, Manipur, Mizoram, Meghalaya, Nagaland and Union Territories of Delhi NCR, and Chandigarh. Region 1 is further divided into 3 zones:

Zone 1: All RTPS and RDS are available.
Zone 2:RTPS of only 30-40 cm are available but all RDS are available. This includes the state of Bihar, parts of North Eastern states, some forest patches, and border areas in Rajasthan and Central India.
Zone 3:Currently no RTPS or RDS are available due to communication issues. Services in these regions will be operationalized shortly.
Region-2

Includes states of Gujarat, Maharashtra, Goa, Karnataka, Kerala, Orissa, Jharkhand, West Bengal, and Sikkim and Union Territories of Dadra and Nagar Haveli and Daman and Diu, Lakshadweep, and Andaman and Nicobar Island. Region 2 is further divided into 3 zones:

Zone 1:All RTPS and RDS are available.
Zone 2:RTPS of only 30-40 cm are available but all RDS are available. This includes some forest patches and border areas in Central India and some parts of islands.
Zone 3:Currently no RTPS or RDS are available due to communication issues. Services in these regions will be operationalized shortly.
Region 3

Includes states of Andhra Pradesh and Tamil Nadu and the Union Territory of Puducherry. CORS infrastructure in Andhra Pradesh and Tamil Nadu is being operated and maintained by the State Government.

1. Real Time Positioning Services

The availability of Real Time Services of 3 – 4 centimeter RTPS using Network RTK, are available in Region 1 and Region 2 (i.e. Zone 1 as highlighted in green wash)

The availability of Real Time Services of 30 – 40 centimeter using D-GNSS services, are available in Region 1 & Region 2 (i.e. Zone 2 as highlighted in green and yellow wash)

No RTPS are currently available in Zone 3 (as highlighted in red wash).

For RTPS in Region 3 (highlighted in blue-green), governments of Andhra Pradesh and Tamil Nadu may be contacted.

2. Reference Data Services

Both type of Reference Data Services i.e., Online Data processing as well as Downloading of RAW Data of CORS Stations are available for entire Region 1 and Region 2 (i.e. Zone 1 and Zone 2 as highlighted in Green).

RDS is not currently available in Zone 3 (highlighted in Red) through this portal. Further details regarding availability of services in these region will be provided

For RDS in Region 3 (highlighted in blue-green), governments of Andhra Pradesh and Tamil Nadu may be contacted.

Contact Us
  Geodetic And Research Branch ,
Survey of India, 17 E.C. Road,
Dehradun-248001
   Phone: 0135-2975366,
0135-2713296
   Email: cors-grb.soi@gov.in
Quick Links
 FAQs
 RTI
 Feedback
 Public Grievances
 Software and Plugins
 Accessibility Statement
Website Policies
 Accessibility Options
 Privacy Policy
 Hyperlinking Policy
 Copyright Policy
 Terms and Conditions
 Disclaimer
Locate Us

Website Content Owned and Managed by CORS Processing and Monitoring Center
© 2025 CORS | Survey of India | All Rights Reserved.

Last Updated on: 24-12-2025 01:29:01 PM

💬"
